params,mean_test_score,std_test_score,rank_test_score
"{'ccp_alpha': 0.0, 'criterion': 'entropy', 'max_depth': None, 'max_leaf_nodes': None, 'min_samples_leaf': 2, 'min_samples_split': 5, 'oob_score': False}",0.8179124999999999,0.0025594799276415572,1
"{'ccp_alpha': 0.0, 'criterion': 'entropy', 'max_depth': None, 'max_leaf_nodes': None, 'min_samples_leaf': 2, 'min_samples_split': 5, 'oob_score': True}",0.8171875,0.002256587578623972,2
"{'ccp_alpha': 0.0, 'criterion': 'gini', 'max_depth': None, 'max_leaf_nodes': None, 'min_samples_leaf': 2, 'min_samples_split': 5, 'oob_score': False}",0.8165125,0.003343230099768779,3
"{'ccp_alpha': 0.0, 'criterion': 'gini', 'max_depth': None, 'max_leaf_nodes': None, 'min_samples_leaf': 2, 'min_samples_split': 5, 'oob_score': True}",0.8160375,0.002739924725243392,4
"{'ccp_alpha': 0.0, 'criterion': 'entropy', 'max_depth': None, 'max_leaf_nodes': None, 'min_samples_leaf': 2, 'min_samples_split': 10, 'oob_score': True}",0.8107374999999999,0.0025342651794948356,5
"{'ccp_alpha': 0.0, 'criterion': 'entropy', 'max_depth': None, 'max_leaf_nodes': None, 'min_samples_leaf': 2, 'min_samples_split': 10, 'oob_score': False}",0.810475,0.0029674273369368447,6
"{'ccp_alpha': 0.0, 'criterion': 'gini', 'max_depth': None, 'max_leaf_nodes': None, 'min_samples_leaf': 2, 'min_samples_split': 10, 'oob_score': True}",0.809675,0.0028699412014882813,7
"{'ccp_alpha': 0.0, 'criterion': 'gini', 'max_depth': None, 'max_leaf_nodes': None, 'min_samples_leaf': 2, 'min_samples_split': 10, 'oob_score': False}",0.80945,0.0033115328776867096,8
"{'ccp_alpha': 0.0, 'criterion': 'entropy', 'max_depth': None, 'max_leaf_nodes': None, 'min_samples_leaf': 4, 'min_samples_split': 5, 'oob_score': True}",0.8073,0.0026892145693491938,9
"{'ccp_alpha': 0.0, 'criterion': 'entropy', 'max_depth': None, 'max_leaf_nodes': None, 'min_samples_leaf': 4, 'min_samples_split': 5, 'oob_score': False}",0.8060875,0.002890880056315041,10
"{'ccp_alpha': 0.0, 'criterion': 'entropy', 'max_depth': None, 'max_leaf_nodes': None, 'min_samples_leaf': 4, 'min_samples_split': 10, 'oob_score': False}",0.8056625000000001,0.003243406773748869,11
"{'ccp_alpha': 0.0, 'criterion': 'entropy', 'max_depth': None, 'max_leaf_nodes': None, 'min_samples_leaf': 4, 'min_samples_split': 10, 'oob_score': True}",0.8051999999999999,0.0026364038006345125,12
"{'ccp_alpha': 0.0, 'criterion': 'gini', 'max_depth': None, 'max_leaf_nodes': None, 'min_samples_leaf': 4, 'min_samples_split': 5, 'oob_score': False}",0.8045375,0.0036873093171037453,13
"{'ccp_alpha': 0.0, 'criterion': 'gini', 'max_depth': None, 'max_leaf_nodes': None, 'min_samples_leaf': 4, 'min_samples_split': 5, 'oob_score': True}",0.8044625,0.0028838450894595716,14
"{'ccp_alpha': 0.0, 'criterion': 'gini', 'max_depth': None, 'max_leaf_nodes': None, 'min_samples_leaf': 4, 'min_samples_split': 10, 'oob_score': True}",0.80335,0.0036354590494186525,15
"{'ccp_alpha': 0.0, 'criterion': 'gini', 'max_depth': None, 'max_leaf_nodes': None, 'min_samples_leaf': 4, 'min_samples_split': 10, 'oob_score': False}",0.8029625000000001,0.0030271170278005537,16
"{'ccp_alpha': 0.0, 'criterion': 'gini', 'max_depth': 10, 'max_leaf_nodes': None, 'min_samples_leaf': 2, 'min_samples_split': 5, 'oob_score': True}",0.7282749999999999,0.0027219019085925906,17
"{'ccp_alpha': 0.0, 'criterion': 'gini', 'max_depth': 10, 'max_leaf_nodes': None, 'min_samples_leaf': 2, 'min_samples_split': 5, 'oob_score': False}",0.7269625000000001,0.0033026031399488597,18
"{'ccp_alpha': 0.0, 'criterion': 'gini', 'max_depth': 10, 'max_leaf_nodes': None, 'min_samples_leaf': 4, 'min_samples_split': 5, 'oob_score': True}",0.7263624999999999,0.004069589967060564,19
"{'ccp_alpha': 0.0, 'criterion': 'gini', 'max_depth': 10, 'max_leaf_nodes': None, 'min_samples_leaf': 4, 'min_samples_split': 10, 'oob_score': True}",0.7262500000000001,0.004789637251400157,20
"{'ccp_alpha': 0.0, 'criterion': 'gini', 'max_depth': 10, 'max_leaf_nodes': None, 'min_samples_leaf': 2, 'min_samples_split': 10, 'oob_score': False}",0.7253375,0.0030338197870011787,21
"{'ccp_alpha': 0.0, 'criterion': 'gini', 'max_depth': 10, 'max_leaf_nodes': None, 'min_samples_leaf': 4, 'min_samples_split': 10, 'oob_score': False}",0.725025,0.0022839795314318974,22
"{'ccp_alpha': 0.0, 'criterion': 'gini', 'max_depth': 10, 'max_leaf_nodes': None, 'min_samples_leaf': 2, 'min_samples_split': 10, 'oob_score': True}",0.7247,0.0033854929478585633,23
"{'ccp_alpha': 0.0, 'criterion': 'gini', 'max_depth': 10, 'max_leaf_nodes': None, 'min_samples_leaf': 4, 'min_samples_split': 5, 'oob_score': False}",0.7240625,0.002714544160628088,24
"{'ccp_alpha': 0.0, 'criterion': 'entropy', 'max_depth': 10, 'max_leaf_nodes': None, 'min_samples_leaf': 4, 'min_samples_split': 10, 'oob_score': True}",0.723075,0.002786238503789666,25
"{'ccp_alpha': 0.0, 'criterion': 'entropy', 'max_depth': 10, 'max_leaf_nodes': None, 'min_samples_leaf': 2, 'min_samples_split': 5, 'oob_score': True}",0.72225,0.005207416585985805,26
"{'ccp_alpha': 0.0, 'criterion': 'entropy', 'max_depth': 10, 'max_leaf_nodes': None, 'min_samples_leaf': 2, 'min_samples_split': 5, 'oob_score': False}",0.7221125,0.003087373479189075,27
"{'ccp_alpha': 0.0, 'criterion': 'entropy', 'max_depth': 10, 'max_leaf_nodes': None, 'min_samples_leaf': 2, 'min_samples_split': 10, 'oob_score': False}",0.721525,0.0038390672695330537,28
"{'ccp_alpha': 0.0, 'criterion': 'entropy', 'max_depth': 10, 'max_leaf_nodes': None, 'min_samples_leaf': 4, 'min_samples_split': 10, 'oob_score': False}",0.7212875,0.0041368390710782845,29
"{'ccp_alpha': 0.0, 'criterion': 'entropy', 'max_depth': 10, 'max_leaf_nodes': None, 'min_samples_leaf': 2, 'min_samples_split': 10, 'oob_score': True}",0.7212750000000001,0.003152528746895089,30
"{'ccp_alpha': 0.0, 'criterion': 'entropy', 'max_depth': 10, 'max_leaf_nodes': None, 'min_samples_leaf': 4, 'min_samples_split': 5, 'oob_score': True}",0.7212,0.0023279551112510444,31
"{'ccp_alpha': 0.0, 'criterion': 'entropy', 'max_depth': 10, 'max_leaf_nodes': None, 'min_samples_leaf': 4, 'min_samples_split': 5, 'oob_score': False}",0.7207999999999999,0.003906004992316329,32
"{'ccp_alpha': 0.0, 'criterion': 'gini', 'max_depth': 10, 'max_leaf_nodes': 20, 'min_samples_leaf': 4, 'min_samples_split': 5, 'oob_score': True}",0.6721625,0.0021259556674587854,33
"{'ccp_alpha': 0.0, 'criterion': 'gini', 'max_depth': None, 'max_leaf_nodes': 20, 'min_samples_leaf': 4, 'min_samples_split': 10, 'oob_score': True}",0.6720499999999999,0.001606335114476425,34
"{'ccp_alpha': 0.0, 'criterion': 'entropy', 'max_depth': 10, 'max_leaf_nodes': 20, 'min_samples_leaf': 4, 'min_samples_split': 10, 'oob_score': True}",0.6719000000000002,0.0018322629451036528,35
"{'ccp_alpha': 0.0, 'criterion': 'entropy', 'max_depth': None, 'max_leaf_nodes': 20, 'min_samples_leaf': 4, 'min_samples_split': 10, 'oob_score': False}",0.6717000000000001,0.0015270478054075372,36
"{'ccp_alpha': 0.0, 'criterion': 'gini', 'max_depth': 10, 'max_leaf_nodes': 20, 'min_samples_leaf': 2, 'min_samples_split': 10, 'oob_score': True}",0.67135,0.0015715239419111873,37
"{'ccp_alpha': 0.0, 'criterion': 'gini', 'max_depth': None, 'max_leaf_nodes': 20, 'min_samples_leaf': 4, 'min_samples_split': 5, 'oob_score': False}",0.6713375000000001,0.002255063746327366,38
"{'ccp_alpha': 0.0, 'criterion': 'entropy', 'max_depth': 10, 'max_leaf_nodes': 20, 'min_samples_leaf': 2, 'min_samples_split': 10, 'oob_score': False}",0.6711625000000001,0.0014145449798433506,39
"{'ccp_alpha': 0.0, 'criterion': 'gini', 'max_depth': None, 'max_leaf_nodes': 20, 'min_samples_leaf': 2, 'min_samples_split': 10, 'oob_score': False}",0.6711374999999999,0.0015946198606564652,40
"{'ccp_alpha': 0.0, 'criterion': 'entropy', 'max_depth': None, 'max_leaf_nodes': 20, 'min_samples_leaf': 4, 'min_samples_split': 10, 'oob_score': True}",0.6711125,0.0028975744166457327,41
"{'ccp_alpha': 0.0, 'criterion': 'entropy', 'max_depth': 10, 'max_leaf_nodes': 20, 'min_samples_leaf': 4, 'min_samples_split': 5, 'oob_score': True}",0.6711,0.002292855752113515,42
"{'ccp_alpha': 0.0, 'criterion': 'entropy', 'max_depth': 10, 'max_leaf_nodes': 20, 'min_samples_leaf': 4, 'min_samples_split': 5, 'oob_score': False}",0.6710125,0.001969057515665811,43
"{'ccp_alpha': 0.0, 'criterion': 'entropy', 'max_depth': 10, 'max_leaf_nodes': 20, 'min_samples_leaf': 2, 'min_samples_split': 5, 'oob_score': False}",0.670975,0.001693553955443994,44
"{'ccp_alpha': 0.0, 'criterion': 'gini', 'max_depth': None, 'max_leaf_nodes': 20, 'min_samples_leaf': 2, 'min_samples_split': 10, 'oob_score': True}",0.6709624999999999,0.0018339676932814274,45
"{'ccp_alpha': 0.0, 'criterion': 'entropy', 'max_depth': 10, 'max_leaf_nodes': 20, 'min_samples_leaf': 4, 'min_samples_split': 10, 'oob_score': False}",0.6709250000000001,0.0012160386507015202,46
"{'ccp_alpha': 0.0, 'criterion': 'gini', 'max_depth': None, 'max_leaf_nodes': 20, 'min_samples_leaf': 2, 'min_samples_split': 5, 'oob_score': False}",0.6709250000000001,0.0021565307788204706,46
"{'ccp_alpha': 0.0, 'criterion': 'gini', 'max_depth': 10, 'max_leaf_nodes': 20, 'min_samples_leaf': 4, 'min_samples_split': 10, 'oob_score': True}",0.6709125,0.0019363302920731074,48
"{'ccp_alpha': 0.0, 'criterion': 'gini', 'max_depth': 10, 'max_leaf_nodes': 20, 'min_samples_leaf': 2, 'min_samples_split': 5, 'oob_score': False}",0.6708625,0.0023539859812666776,49
"{'ccp_alpha': 0.0, 'criterion': 'entropy', 'max_depth': 10, 'max_leaf_nodes': 20, 'min_samples_leaf': 2, 'min_samples_split': 5, 'oob_score': True}",0.6708375,0.002756979778670859,50
"{'ccp_alpha': 0.0, 'criterion': 'gini', 'max_depth': None, 'max_leaf_nodes': 20, 'min_samples_leaf': 2, 'min_samples_split': 5, 'oob_score': True}",0.6707749999999999,0.002749318097274323,51
"{'ccp_alpha': 0.0, 'criterion': 'gini', 'max_depth': None, 'max_leaf_nodes': 20, 'min_samples_leaf': 4, 'min_samples_split': 10, 'oob_score': False}",0.6707375,0.001461698498323102,52
"{'ccp_alpha': 0.0, 'criterion': 'entropy', 'max_depth': None, 'max_leaf_nodes': 20, 'min_samples_leaf': 2, 'min_samples_split': 5, 'oob_score': True}",0.6707125,0.002563749695270595,53
"{'ccp_alpha': 0.0, 'criterion': 'entropy', 'max_depth': None, 'max_leaf_nodes': 20, 'min_samples_leaf': 4, 'min_samples_split': 5, 'oob_score': True}",0.6706375,0.001677237311771915,54
"{'ccp_alpha': 0.0, 'criterion': 'gini', 'max_depth': 10, 'max_leaf_nodes': 20, 'min_samples_leaf': 4, 'min_samples_split': 5, 'oob_score': False}",0.6705875,0.002289445893660744,55
"{'ccp_alpha': 0.0, 'criterion': 'entropy', 'max_depth': None, 'max_leaf_nodes': 20, 'min_samples_leaf': 4, 'min_samples_split': 5, 'oob_score': False}",0.670475,0.0028420942982244454,56
"{'ccp_alpha': 0.0, 'criterion': 'entropy', 'max_depth': None, 'max_leaf_nodes': 20, 'min_samples_leaf': 2, 'min_samples_split': 10, 'oob_score': True}",0.670425,0.003272852349251317,57
"{'ccp_alpha': 0.0, 'criterion': 'gini', 'max_depth': 10, 'max_leaf_nodes': 20, 'min_samples_leaf': 2, 'min_samples_split': 10, 'oob_score': False}",0.6704125,0.001768915628287561,58
"{'ccp_alpha': 0.0, 'criterion': 'gini', 'max_depth': 10, 'max_leaf_nodes': 20, 'min_samples_leaf': 2, 'min_samples_split': 5, 'oob_score': True}",0.6703875,0.0016570870526318143,59
"{'ccp_alpha': 0.0, 'criterion': 'entropy', 'max_depth': None, 'max_leaf_nodes': 20, 'min_samples_leaf': 2, 'min_samples_split': 10, 'oob_score': False}",0.670275,0.0023430749027719875,60
"{'ccp_alpha': 0.0, 'criterion': 'gini', 'max_depth': None, 'max_leaf_nodes': 20, 'min_samples_leaf': 4, 'min_samples_split': 5, 'oob_score': True}",0.6702375,0.0022077279044302447,61
"{'ccp_alpha': 0.0, 'criterion': 'gini', 'max_depth': 10, 'max_leaf_nodes': 20, 'min_samples_leaf': 4, 'min_samples_split': 10, 'oob_score': False}",0.6702000000000001,0.0022260531215584165,62
"{'ccp_alpha': 0.0, 'criterion': 'entropy', 'max_depth': None, 'max_leaf_nodes': 20, 'min_samples_leaf': 2, 'min_samples_split': 5, 'oob_score': False}",0.67005,0.002773310296378692,63
"{'ccp_alpha': 0.0, 'criterion': 'entropy', 'max_depth': 10, 'max_leaf_nodes': 20, 'min_samples_leaf': 2, 'min_samples_split': 10, 'oob_score': True}",0.6694375,0.0017884175966479269,64
"{'ccp_alpha': 0.01, 'criterion': 'entropy', 'max_depth': None, 'max_leaf_nodes': None, 'min_samples_leaf': 2, 'min_samples_split': 5, 'oob_score': False}",0.6652875,0.002662705391138864,65
"{'ccp_alpha': 0.01, 'criterion': 'entropy', 'max_depth': None, 'max_leaf_nodes': None, 'min_samples_leaf': 4, 'min_samples_split': 5, 'oob_score': True}",0.6652375,0.002429441808317307,66
"{'ccp_alpha': 0.01, 'criterion': 'entropy', 'max_depth': 10, 'max_leaf_nodes': 20, 'min_samples_leaf': 2, 'min_samples_split': 10, 'oob_score': False}",0.664375,0.0023103030104295666,67
"{'ccp_alpha': 0.01, 'criterion': 'entropy', 'max_depth': 10, 'max_leaf_nodes': None, 'min_samples_leaf': 4, 'min_samples_split': 10, 'oob_score': True}",0.664325,0.0016034143257436587,68
"{'ccp_alpha': 0.01, 'criterion': 'entropy', 'max_depth': 10, 'max_leaf_nodes': None, 'min_samples_leaf': 2, 'min_samples_split': 10, 'oob_score': False}",0.6640625,0.00270445234751882,69
"{'ccp_alpha': 0.01, 'criterion': 'entropy', 'max_depth': 10, 'max_leaf_nodes': 20, 'min_samples_leaf': 4, 'min_samples_split': 5, 'oob_score': False}",0.663775,0.0032683615926026176,70
"{'ccp_alpha': 0.01, 'criterion': 'entropy', 'max_depth': None, 'max_leaf_nodes': None, 'min_samples_leaf': 4, 'min_samples_split': 10, 'oob_score': False}",0.663775,0.0021119451934176587,70
"{'ccp_alpha': 0.01, 'criterion': 'entropy', 'max_depth': None, 'max_leaf_nodes': None, 'min_samples_leaf': 4, 'min_samples_split': 10, 'oob_score': True}",0.6637625,0.002741578012751054,72
"{'ccp_alpha': 0.01, 'criterion': 'entropy', 'max_depth': None, 'max_leaf_nodes': None, 'min_samples_leaf': 2, 'min_samples_split': 5, 'oob_score': True}",0.6636375,0.0031621294249287147,73
"{'ccp_alpha': 0.01, 'criterion': 'entropy', 'max_depth': 10, 'max_leaf_nodes': None, 'min_samples_leaf': 2, 'min_samples_split': 5, 'oob_score': True}",0.6634875,0.002728438197944032,74
"{'ccp_alpha': 0.01, 'criterion': 'entropy', 'max_depth': 10, 'max_leaf_nodes': None, 'min_samples_leaf': 2, 'min_samples_split': 10, 'oob_score': True}",0.6634500000000001,0.0027786574995850156,75
"{'ccp_alpha': 0.0, 'criterion': 'gini', 'max_depth': 10, 'max_leaf_nodes': 10, 'min_samples_leaf': 2, 'min_samples_split': 5, 'oob_score': False}",0.6634375,0.003051126841021236,76
"{'ccp_alpha': 0.01, 'criterion': 'entropy', 'max_depth': 10, 'max_leaf_nodes': 20, 'min_samples_leaf': 2, 'min_samples_split': 5, 'oob_score': True}",0.6632875,0.002383406176043019,77
"{'ccp_alpha': 0.0, 'criterion': 'gini', 'max_depth': None, 'max_leaf_nodes': 10, 'min_samples_leaf': 4, 'min_samples_split': 10, 'oob_score': False}",0.6631875,0.003624999999999992,78
"{'ccp_alpha': 0.01, 'criterion': 'entropy', 'max_depth': None, 'max_leaf_nodes': 20, 'min_samples_leaf': 2, 'min_samples_split': 10, 'oob_score': False}",0.6631875,0.002989826499982919,78
"{'ccp_alpha': 0.0, 'criterion': 'gini', 'max_depth': None, 'max_leaf_nodes': 10, 'min_samples_leaf': 2, 'min_samples_split': 5, 'oob_score': False}",0.6631874999999999,0.002885849095153806,80
"{'ccp_alpha': 0.0, 'criterion': 'gini', 'max_depth': None, 'max_leaf_nodes': 10, 'min_samples_leaf': 2, 'min_samples_split': 5, 'oob_score': True}",0.6631750000000001,0.0033350412291304524,81
"{'ccp_alpha': 0.01, 'criterion': 'entropy', 'max_depth': 10, 'max_leaf_nodes': None, 'min_samples_leaf': 4, 'min_samples_split': 10, 'oob_score': False}",0.6630999999999999,0.003798560582641834,82
"{'ccp_alpha': 0.01, 'criterion': 'entropy', 'max_depth': None, 'max_leaf_nodes': 20, 'min_samples_leaf': 4, 'min_samples_split': 5, 'oob_score': False}",0.6630625,0.0031516364796721095,83
"{'ccp_alpha': 0.01, 'criterion': 'entropy', 'max_depth': None, 'max_leaf_nodes': 20, 'min_samples_leaf': 2, 'min_samples_split': 10, 'oob_score': True}",0.663,0.0027297550256387563,84
"{'ccp_alpha': 0.01, 'criterion': 'entropy', 'max_depth': None, 'max_leaf_nodes': None, 'min_samples_leaf': 4, 'min_samples_split': 5, 'oob_score': False}",0.6629999999999999,0.0019992185973524567,85
"{'ccp_alpha': 0.01, 'criterion': 'entropy', 'max_depth': None, 'max_leaf_nodes': None, 'min_samples_leaf': 2, 'min_samples_split': 10, 'oob_score': True}",0.662875,0.0040021478608367345,86
"{'ccp_alpha': 0.01, 'criterion': 'entropy', 'max_depth': 10, 'max_leaf_nodes': None, 'min_samples_leaf': 4, 'min_samples_split': 5, 'oob_score': True}",0.6626375,0.0036028200759960277,87
"{'ccp_alpha': 0.01, 'criterion': 'entropy', 'max_depth': 10, 'max_leaf_nodes': 20, 'min_samples_leaf': 4, 'min_samples_split': 10, 'oob_score': True}",0.6626375,0.0024480221608474016,87
"{'ccp_alpha': 0.0, 'criterion': 'entropy', 'max_depth': 10, 'max_leaf_nodes': 10, 'min_samples_leaf': 2, 'min_samples_split': 5, 'oob_score': True}",0.6626375,0.0020786864842972184,87
"{'ccp_alpha': 0.01, 'criterion': 'entropy', 'max_depth': None, 'max_leaf_nodes': 20, 'min_samples_leaf': 2, 'min_samples_split': 5, 'oob_score': True}",0.6626125,0.002990976011271226,90
"{'ccp_alpha': 0.01, 'criterion': 'entropy', 'max_depth': None, 'max_leaf_nodes': None, 'min_samples_leaf': 2, 'min_samples_split': 10, 'oob_score': False}",0.6626000000000001,0.0025460140415952018,91
"{'ccp_alpha': 0.01, 'criterion': 'entropy', 'max_depth': 10, 'max_leaf_nodes': None, 'min_samples_leaf': 4, 'min_samples_split': 5, 'oob_score': False}",0.6625125000000001,0.0038089942898355722,92
"{'ccp_alpha': 0.01, 'criterion': 'entropy', 'max_depth': None, 'max_leaf_nodes': 20, 'min_samples_leaf': 4, 'min_samples_split': 10, 'oob_score': True}",0.6625,0.00348209706929602,93
"{'ccp_alpha': 0.01, 'criterion': 'entropy', 'max_depth': 10, 'max_leaf_nodes': None, 'min_samples_leaf': 2, 'min_samples_split': 5, 'oob_score': False}",0.66245,0.0035307577090477583,94
"{'ccp_alpha': 0.0, 'criterion': 'gini', 'max_depth': 10, 'max_leaf_nodes': 10, 'min_samples_leaf': 4, 'min_samples_split': 5, 'oob_score': False}",0.66235,0.002216627505919736,95
"{'ccp_alpha': 0.0, 'criterion': 'entropy', 'max_depth': None, 'max_leaf_nodes': 10, 'min_samples_leaf': 4, 'min_samples_split': 5, 'oob_score': False}",0.6622874999999999,0.004026591300343241,96
"{'ccp_alpha': 0.01, 'criterion': 'entropy', 'max_depth': 10, 'max_leaf_nodes': 20, 'min_samples_leaf': 2, 'min_samples_split': 5, 'oob_score': False}",0.6622375,0.003829041982010628,97
"{'ccp_alpha': 0.01, 'criterion': 'entropy', 'max_depth': None, 'max_leaf_nodes': 20, 'min_samples_leaf': 4, 'min_samples_split': 10, 'oob_score': False}",0.6621750000000001,0.0025358060848574343,98
"{'ccp_alpha': 0.01, 'criterion': 'entropy', 'max_depth': 10, 'max_leaf_nodes': 20, 'min_samples_leaf': 4, 'min_samples_split': 5, 'oob_score': True}",0.6621499999999999,0.004803091452387738,99
"{'ccp_alpha': 0.01, 'criterion': 'entropy', 'max_depth': 10, 'max_leaf_nodes': 20, 'min_samples_leaf': 2, 'min_samples_split': 10, 'oob_score': True}",0.6621125,0.003841671185825244,100
"{'ccp_alpha': 0.0, 'criterion': 'gini', 'max_depth': 10, 'max_leaf_nodes': 10, 'min_samples_leaf': 2, 'min_samples_split': 5, 'oob_score': True}",0.66195,0.003090155740411802,101
"{'ccp_alpha': 0.0, 'criterion': 'entropy', 'max_depth': None, 'max_leaf_nodes': 10, 'min_samples_leaf': 4, 'min_samples_split': 5, 'oob_score': True}",0.6618375,0.0038392707640904663,102
"{'ccp_alpha': 0.0, 'criterion': 'entropy', 'max_depth': 10, 'max_leaf_nodes': 10, 'min_samples_leaf': 4, 'min_samples_split': 10, 'oob_score': False}",0.661775,0.0015705293693528968,103
"{'ccp_alpha': 0.0, 'criterion': 'entropy', 'max_depth': None, 'max_leaf_nodes': 10, 'min_samples_leaf': 2, 'min_samples_split': 5, 'oob_score': True}",0.661775,0.002131460766704373,103
"{'ccp_alpha': 0.0, 'criterion': 'entropy', 'max_depth': 10, 'max_leaf_nodes': 10, 'min_samples_leaf': 2, 'min_samples_split': 10, 'oob_score': False}",0.66175,0.0020140134061122535,105
"{'ccp_alpha': 0.01, 'criterion': 'entropy', 'max_depth': None, 'max_leaf_nodes': 20, 'min_samples_leaf': 2, 'min_samples_split': 5, 'oob_score': False}",0.6616875,0.003504015553618451,106
"{'ccp_alpha': 0.01, 'criterion': 'entropy', 'max_depth': None, 'max_leaf_nodes': 20, 'min_samples_leaf': 4, 'min_samples_split': 5, 'oob_score': True}",0.6616375,0.0041938198578384284,107
"{'ccp_alpha': 0.01, 'criterion': 'entropy', 'max_depth': 10, 'max_leaf_nodes': 20, 'min_samples_leaf': 4, 'min_samples_split': 10, 'oob_score': False}",0.661625,0.002797599417357687,108
"{'ccp_alpha': 0.0, 'criterion': 'gini', 'max_depth': None, 'max_leaf_nodes': 10, 'min_samples_leaf': 4, 'min_samples_split': 10, 'oob_score': True}",0.66155,0.0015946198606564348,109
"{'ccp_alpha': 0.0, 'criterion': 'entropy', 'max_depth': 10, 'max_leaf_nodes': 10, 'min_samples_leaf': 2, 'min_samples_split': 5, 'oob_score': False}",0.6612875,0.004977386362339176,110
"{'ccp_alpha': 0.0, 'criterion': 'gini', 'max_depth': None, 'max_leaf_nodes': 10, 'min_samples_leaf': 4, 'min_samples_split': 5, 'oob_score': False}",0.6611875,0.0036174490321219453,111
"{'ccp_alpha': 0.0, 'criterion': 'entropy', 'max_depth': None, 'max_leaf_nodes': 10, 'min_samples_leaf': 2, 'min_samples_split': 5, 'oob_score': False}",0.6611375,0.004761893005937883,112
"{'ccp_alpha': 0.0, 'criterion': 'gini', 'max_depth': None, 'max_leaf_nodes': 10, 'min_samples_leaf': 2, 'min_samples_split': 10, 'oob_score': False}",0.661125,0.006336402764976346,113
"{'ccp_alpha': 0.0, 'criterion': 'entropy', 'max_depth': None, 'max_leaf_nodes': 10, 'min_samples_leaf': 4, 'min_samples_split': 10, 'oob_score': True}",0.6609625,0.004363484845854297,114
"{'ccp_alpha': 0.0, 'criterion': 'gini', 'max_depth': None, 'max_leaf_nodes': 10, 'min_samples_leaf': 4, 'min_samples_split': 5, 'oob_score': True}",0.66075,0.0037209289834663527,115
"{'ccp_alpha': 0.0, 'criterion': 'gini', 'max_depth': 10, 'max_leaf_nodes': 10, 'min_samples_leaf': 4, 'min_samples_split': 5, 'oob_score': True}",0.6607375,0.003820462995502022,116
"{'ccp_alpha': 0.0, 'criterion': 'entropy', 'max_depth': 10, 'max_leaf_nodes': 10, 'min_samples_leaf': 2, 'min_samples_split': 10, 'oob_score': True}",0.660725,0.002188606862823925,117
"{'ccp_alpha': 0.0, 'criterion': 'entropy', 'max_depth': 10, 'max_leaf_nodes': 10, 'min_samples_leaf': 4, 'min_samples_split': 5, 'oob_score': False}",0.660675,0.002142720233721595,118
"{'ccp_alpha': 0.0, 'criterion': 'gini', 'max_depth': 10, 'max_leaf_nodes': 10, 'min_samples_leaf': 2, 'min_samples_split': 10, 'oob_score': False}",0.66065,0.002821679464432501,119
"{'ccp_alpha': 0.0, 'criterion': 'gini', 'max_depth': 10, 'max_leaf_nodes': 10, 'min_samples_leaf': 4, 'min_samples_split': 10, 'oob_score': False}",0.66065,0.0022904693842092567,119
"{'ccp_alpha': 0.0, 'criterion': 'entropy', 'max_depth': None, 'max_leaf_nodes': 10, 'min_samples_leaf': 2, 'min_samples_split': 10, 'oob_score': True}",0.6604375,0.004258814389005474,121
"{'ccp_alpha': 0.0, 'criterion': 'entropy', 'max_depth': None, 'max_leaf_nodes': 10, 'min_samples_leaf': 2, 'min_samples_split': 10, 'oob_score': False}",0.660375,0.0029357707676179443,122
"{'ccp_alpha': 0.0, 'criterion': 'gini', 'max_depth': 10, 'max_leaf_nodes': 10, 'min_samples_leaf': 4, 'min_samples_split': 10, 'oob_score': True}",0.6601874999999999,0.004688249940009578,123
"{'ccp_alpha': 0.0, 'criterion': 'gini', 'max_depth': None, 'max_leaf_nodes': 10, 'min_samples_leaf': 2, 'min_samples_split': 10, 'oob_score': True}",0.6601625,0.002986061369094752,124
"{'ccp_alpha': 0.01, 'criterion': 'entropy', 'max_depth': 10, 'max_leaf_nodes': 10, 'min_samples_leaf': 4, 'min_samples_split': 10, 'oob_score': True}",0.659825,0.0037812035121109412,125
"{'ccp_alpha': 0.0, 'criterion': 'gini', 'max_depth': 10, 'max_leaf_nodes': 10, 'min_samples_leaf': 2, 'min_samples_split': 10, 'oob_score': True}",0.6597125,0.005659284407060684,126
"{'ccp_alpha': 0.0, 'criterion': 'entropy', 'max_depth': 10, 'max_leaf_nodes': 10, 'min_samples_leaf': 4, 'min_samples_split': 10, 'oob_score': True}",0.65955,0.004237002183147882,127
"{'ccp_alpha': 0.0, 'criterion': 'entropy', 'max_depth': None, 'max_leaf_nodes': 10, 'min_samples_leaf': 4, 'min_samples_split': 10, 'oob_score': False}",0.6595374999999999,0.0025588693792376062,128
"{'ccp_alpha': 0.01, 'criterion': 'entropy', 'max_depth': 10, 'max_leaf_nodes': 10, 'min_samples_leaf': 2, 'min_samples_split': 10, 'oob_score': False}",0.65915,0.003870279382680254,129
"{'ccp_alpha': 0.01, 'criterion': 'entropy', 'max_depth': None, 'max_leaf_nodes': 10, 'min_samples_leaf': 4, 'min_samples_split': 5, 'oob_score': True}",0.6586874999999999,0.001775704085707958,130
"{'ccp_alpha': 0.01, 'criterion': 'entropy', 'max_depth': None, 'max_leaf_nodes': 10, 'min_samples_leaf': 4, 'min_samples_split': 10, 'oob_score': True}",0.6584625,0.004592044751524085,131
"{'ccp_alpha': 0.01, 'criterion': 'entropy', 'max_depth': 10, 'max_leaf_nodes': 10, 'min_samples_leaf': 4, 'min_samples_split': 10, 'oob_score': False}",0.6584625,0.0033096922062331004,131
"{'ccp_alpha': 0.01, 'criterion': 'entropy', 'max_depth': 10, 'max_leaf_nodes': 10, 'min_samples_leaf': 2, 'min_samples_split': 10, 'oob_score': True}",0.6584,0.0044799204792049735,133
"{'ccp_alpha': 0.0, 'criterion': 'entropy', 'max_depth': 10, 'max_leaf_nodes': 10, 'min_samples_leaf': 4, 'min_samples_split': 5, 'oob_score': True}",0.6582000000000001,0.003771065830769844,134
"{'ccp_alpha': 0.01, 'criterion': 'entropy', 'max_depth': None, 'max_leaf_nodes': 10, 'min_samples_leaf': 2, 'min_samples_split': 10, 'oob_score': True}",0.6581125000000001,0.005203724627610505,135
"{'ccp_alpha': 0.01, 'criterion': 'entropy', 'max_depth': None, 'max_leaf_nodes': 10, 'min_samples_leaf': 4, 'min_samples_split': 10, 'oob_score': False}",0.658075,0.004958956543467584,136
"{'ccp_alpha': 0.01, 'criterion': 'entropy', 'max_depth': 10, 'max_leaf_nodes': 10, 'min_samples_leaf': 2, 'min_samples_split': 5, 'oob_score': True}",0.6579375,0.005223295176418783,137
"{'ccp_alpha': 0.01, 'criterion': 'entropy', 'max_depth': 10, 'max_leaf_nodes': 10, 'min_samples_leaf': 2, 'min_samples_split': 5, 'oob_score': False}",0.6574875,0.005727455805154676,138
"{'ccp_alpha': 0.01, 'criterion': 'entropy', 'max_depth': 10, 'max_leaf_nodes': 10, 'min_samples_leaf': 4, 'min_samples_split': 5, 'oob_score': False}",0.657425,0.0026349217255926282,139
"{'ccp_alpha': 0.01, 'criterion': 'entropy', 'max_depth': None, 'max_leaf_nodes': 10, 'min_samples_leaf': 2, 'min_samples_split': 10, 'oob_score': False}",0.6573625,0.004953281740422226,140
"{'ccp_alpha': 0.01, 'criterion': 'entropy', 'max_depth': None, 'max_leaf_nodes': 10, 'min_samples_leaf': 2, 'min_samples_split': 5, 'oob_score': False}",0.6572375,0.0035908738490790905,141
"{'ccp_alpha': 0.01, 'criterion': 'entropy', 'max_depth': 10, 'max_leaf_nodes': 10, 'min_samples_leaf': 4, 'min_samples_split': 5, 'oob_score': True}",0.6570750000000001,0.006526316916914163,142
"{'ccp_alpha': 0.01, 'criterion': 'entropy', 'max_depth': None, 'max_leaf_nodes': 10, 'min_samples_leaf': 2, 'min_samples_split': 5, 'oob_score': True}",0.6564375,0.007394571488598886,143
"{'ccp_alpha': 0.01, 'criterion': 'entropy', 'max_depth': None, 'max_leaf_nodes': 10, 'min_samples_leaf': 4, 'min_samples_split': 5, 'oob_score': False}",0.6555,0.005123932815718798,144
"{'ccp_alpha': 0.01, 'criterion': 'gini', 'max_depth': None, 'max_leaf_nodes': 20, 'min_samples_leaf': 4, 'min_samples_split': 5, 'oob_score': False}",0.6519625,0.005549014552152475,145
"{'ccp_alpha': 0.01, 'criterion': 'gini', 'max_depth': None, 'max_leaf_nodes': None, 'min_samples_leaf': 4, 'min_samples_split': 10, 'oob_score': True}",0.650625,0.0014572019420793856,146
"{'ccp_alpha': 0.01, 'criterion': 'gini', 'max_depth': 10, 'max_leaf_nodes': 20, 'min_samples_leaf': 4, 'min_samples_split': 10, 'oob_score': True}",0.6505125,0.0022784314780128698,147
"{'ccp_alpha': 0.01, 'criterion': 'gini', 'max_depth': 10, 'max_leaf_nodes': None, 'min_samples_leaf': 4, 'min_samples_split': 5, 'oob_score': True}",0.65035,0.004634382375246997,148
"{'ccp_alpha': 0.01, 'criterion': 'gini', 'max_depth': 10, 'max_leaf_nodes': None, 'min_samples_leaf': 4, 'min_samples_split': 10, 'oob_score': True}",0.65005,0.00394976265109692,149
"{'ccp_alpha': 0.01, 'criterion': 'gini', 'max_depth': 10, 'max_leaf_nodes': None, 'min_samples_leaf': 2, 'min_samples_split': 5, 'oob_score': True}",0.64985,0.0045702160780427105,150
"{'ccp_alpha': 0.01, 'criterion': 'gini', 'max_depth': 10, 'max_leaf_nodes': 20, 'min_samples_leaf': 4, 'min_samples_split': 5, 'oob_score': True}",0.6494125000000001,0.003891617594265882,151
"{'ccp_alpha': 0.01, 'criterion': 'gini', 'max_depth': 10, 'max_leaf_nodes': None, 'min_samples_leaf': 2, 'min_samples_split': 10, 'oob_score': False}",0.64935,0.004660103271387862,152
"{'ccp_alpha': 0.01, 'criterion': 'gini', 'max_depth': None, 'max_leaf_nodes': None, 'min_samples_leaf': 2, 'min_samples_split': 5, 'oob_score': False}",0.6492500000000001,0.005966180729746631,153
"{'ccp_alpha': 0.01, 'criterion': 'gini', 'max_depth': 10, 'max_leaf_nodes': 20, 'min_samples_leaf': 2, 'min_samples_split': 5, 'oob_score': False}",0.64925,0.0022991166782049223,154
"{'ccp_alpha': 0.01, 'criterion': 'gini', 'max_depth': None, 'max_leaf_nodes': None, 'min_samples_leaf': 4, 'min_samples_split': 5, 'oob_score': True}",0.649225,0.008019078812432261,155
"{'ccp_alpha': 0.01, 'criterion': 'gini', 'max_depth': None, 'max_leaf_nodes': 20, 'min_samples_leaf': 2, 'min_samples_split': 10, 'oob_score': True}",0.6487624999999999,0.006266029444552591,156
"{'ccp_alpha': 0.01, 'criterion': 'gini', 'max_depth': None, 'max_leaf_nodes': 10, 'min_samples_leaf': 2, 'min_samples_split': 5, 'oob_score': False}",0.6487499999999999,0.004175261967829084,157
"{'ccp_alpha': 0.01, 'criterion': 'gini', 'max_depth': None, 'max_leaf_nodes': 10, 'min_samples_leaf': 2, 'min_samples_split': 10, 'oob_score': False}",0.648725,0.004472764804905329,158
"{'ccp_alpha': 0.01, 'criterion': 'gini', 'max_depth': None, 'max_leaf_nodes': None, 'min_samples_leaf': 2, 'min_samples_split': 5, 'oob_score': True}",0.6487125,0.0030492314605486946,159
"{'ccp_alpha': 0.01, 'criterion': 'gini', 'max_depth': None, 'max_leaf_nodes': None, 'min_samples_leaf': 2, 'min_samples_split': 10, 'oob_score': True}",0.648625,0.002898005779842393,160
"{'ccp_alpha': 0.01, 'criterion': 'gini', 'max_depth': None, 'max_leaf_nodes': 20, 'min_samples_leaf': 4, 'min_samples_split': 5, 'oob_score': True}",0.6484875000000001,0.006878794407452494,161
"{'ccp_alpha': 0.01, 'criterion': 'gini', 'max_depth': None, 'max_leaf_nodes': 20, 'min_samples_leaf': 2, 'min_samples_split': 10, 'oob_score': False}",0.6483125,0.004145215615622449,162
"{'ccp_alpha': 0.01, 'criterion': 'gini', 'max_depth': None, 'max_leaf_nodes': None, 'min_samples_leaf': 2, 'min_samples_split': 10, 'oob_score': False}",0.648225,0.004937515822759465,163
"{'ccp_alpha': 0.01, 'criterion': 'gini', 'max_depth': 10, 'max_leaf_nodes': None, 'min_samples_leaf': 2, 'min_samples_split': 5, 'oob_score': False}",0.64795,0.006691459108445612,164
"{'ccp_alpha': 0.01, 'criterion': 'gini', 'max_depth': None, 'max_leaf_nodes': 20, 'min_samples_leaf': 2, 'min_samples_split': 5, 'oob_score': True}",0.6477,0.002988624265443861,165
"{'ccp_alpha': 0.01, 'criterion': 'gini', 'max_depth': None, 'max_leaf_nodes': 10, 'min_samples_leaf': 2, 'min_samples_split': 10, 'oob_score': True}",0.6475625,0.003946319487826576,166
"{'ccp_alpha': 0.01, 'criterion': 'gini', 'max_depth': 10, 'max_leaf_nodes': 10, 'min_samples_leaf': 4, 'min_samples_split': 5, 'oob_score': True}",0.64745,0.004061519112351947,167
"{'ccp_alpha': 0.01, 'criterion': 'gini', 'max_depth': 10, 'max_leaf_nodes': 20, 'min_samples_leaf': 2, 'min_samples_split': 5, 'oob_score': True}",0.647375,0.007165128226347374,168
"{'ccp_alpha': 0.01, 'criterion': 'gini', 'max_depth': 10, 'max_leaf_nodes': 20, 'min_samples_leaf': 4, 'min_samples_split': 10, 'oob_score': False}",0.6471,0.0050889893397412485,169
"{'ccp_alpha': 0.01, 'criterion': 'gini', 'max_depth': 10, 'max_leaf_nodes': 20, 'min_samples_leaf': 4, 'min_samples_split': 5, 'oob_score': False}",0.6469374999999999,0.0022114757516192803,170
"{'ccp_alpha': 0.01, 'criterion': 'gini', 'max_depth': None, 'max_leaf_nodes': 20, 'min_samples_leaf': 4, 'min_samples_split': 10, 'oob_score': False}",0.6469374999999999,0.004716493665849676,170
"{'ccp_alpha': 0.01, 'criterion': 'gini', 'max_depth': 10, 'max_leaf_nodes': None, 'min_samples_leaf': 2, 'min_samples_split': 10, 'oob_score': True}",0.646875,0.0009576990654689248,172
"{'ccp_alpha': 0.01, 'criterion': 'gini', 'max_depth': 10, 'max_leaf_nodes': 10, 'min_samples_leaf': 2, 'min_samples_split': 10, 'oob_score': True}",0.6468625,0.005029040663983523,173
"{'ccp_alpha': 0.01, 'criterion': 'gini', 'max_depth': None, 'max_leaf_nodes': 10, 'min_samples_leaf': 4, 'min_samples_split': 10, 'oob_score': False}",0.6467499999999999,0.005597292872451844,174
"{'ccp_alpha': 0.01, 'criterion': 'gini', 'max_depth': 10, 'max_leaf_nodes': 20, 'min_samples_leaf': 2, 'min_samples_split': 10, 'oob_score': True}",0.6466625,0.004856792923318854,175
"{'ccp_alpha': 0.01, 'criterion': 'gini', 'max_depth': 10, 'max_leaf_nodes': 20, 'min_samples_leaf': 2, 'min_samples_split': 10, 'oob_score': False}",0.6466625,0.005775027056213671,175
"{'ccp_alpha': 0.01, 'criterion': 'gini', 'max_depth': None, 'max_leaf_nodes': 20, 'min_samples_leaf': 2, 'min_samples_split': 5, 'oob_score': False}",0.64645,0.004426729887851746,177
"{'ccp_alpha': 0.01, 'criterion': 'gini', 'max_depth': 10, 'max_leaf_nodes': 10, 'min_samples_leaf': 2, 'min_samples_split': 10, 'oob_score': False}",0.6463624999999998,0.007409179273036922,178
"{'ccp_alpha': 0.01, 'criterion': 'gini', 'max_depth': None, 'max_leaf_nodes': None, 'min_samples_leaf': 4, 'min_samples_split': 5, 'oob_score': False}",0.6463125000000001,0.0036488439950208814,179
"{'ccp_alpha': 0.01, 'criterion': 'gini', 'max_depth': None, 'max_leaf_nodes': 10, 'min_samples_leaf': 2, 'min_samples_split': 5, 'oob_score': True}",0.6459875,0.006252799373080813,180
"{'ccp_alpha': 0.01, 'criterion': 'gini', 'max_depth': 10, 'max_leaf_nodes': 10, 'min_samples_leaf': 2, 'min_samples_split': 5, 'oob_score': True}",0.6459625,0.006650258453624177,181
"{'ccp_alpha': 0.01, 'criterion': 'gini', 'max_depth': 10, 'max_leaf_nodes': None, 'min_samples_leaf': 4, 'min_samples_split': 5, 'oob_score': False}",0.645825,0.00502391157366449,182
"{'ccp_alpha': 0.01, 'criterion': 'gini', 'max_depth': None, 'max_leaf_nodes': 20, 'min_samples_leaf': 4, 'min_samples_split': 10, 'oob_score': True}",0.6458124999999999,0.005430095533229602,183
"{'ccp_alpha': 0.01, 'criterion': 'gini', 'max_depth': None, 'max_leaf_nodes': None, 'min_samples_leaf': 4, 'min_samples_split': 10, 'oob_score': False}",0.6455875,0.0017816775802596619,184
"{'ccp_alpha': 0.01, 'criterion': 'gini', 'max_depth': None, 'max_leaf_nodes': 10, 'min_samples_leaf': 4, 'min_samples_split': 5, 'oob_score': False}",0.644975,0.004622904930884887,185
"{'ccp_alpha': 0.01, 'criterion': 'gini', 'max_depth': 10, 'max_leaf_nodes': None, 'min_samples_leaf': 4, 'min_samples_split': 10, 'oob_score': False}",0.6447499999999999,0.003752707356029782,186
"{'ccp_alpha': 0.01, 'criterion': 'gini', 'max_depth': None, 'max_leaf_nodes': 10, 'min_samples_leaf': 4, 'min_samples_split': 5, 'oob_score': True}",0.6447125,0.005125853587452558,187
"{'ccp_alpha': 0.01, 'criterion': 'gini', 'max_depth': 10, 'max_leaf_nodes': 10, 'min_samples_leaf': 4, 'min_samples_split': 5, 'oob_score': False}",0.6445375,0.006314863418950568,188
"{'ccp_alpha': 0.01, 'criterion': 'gini', 'max_depth': 10, 'max_leaf_nodes': 10, 'min_samples_leaf': 4, 'min_samples_split': 10, 'oob_score': False}",0.6440125,0.005590225845169405,189
"{'ccp_alpha': 0.01, 'criterion': 'gini', 'max_depth': None, 'max_leaf_nodes': 10, 'min_samples_leaf': 4, 'min_samples_split': 10, 'oob_score': True}",0.6436999999999999,0.0036923485073865905,190
"{'ccp_alpha': 0.01, 'criterion': 'gini', 'max_depth': 10, 'max_leaf_nodes': 10, 'min_samples_leaf': 2, 'min_samples_split': 5, 'oob_score': False}",0.6434625,0.006511720202834278,191
"{'ccp_alpha': 0.01, 'criterion': 'gini', 'max_depth': 10, 'max_leaf_nodes': 10, 'min_samples_leaf': 4, 'min_samples_split': 10, 'oob_score': True}",0.6428125,0.004733359008146322,192
